f1,f2,f3,t
475,7403,-7889,11
346,4840,-5196,10
723,1194,-1928,11
903,2467,-3380,10
840,4600,-5451,11
414,1134,-1558,10
255,8832,-9097,10
11,3677,-3699,11
181,9427,-9618,10
189,5459,-5659,11
600,2439,-3050,11
478,2865,-3353,10
922,7567,-8500,11
573,2485,-3069,11
1,6151,-6163,11
474,1672,-2157,11
963,5042,-6016,11
170,6791,-6972,11
437,4394,-4842,11
443,9390,-9844,11
828,8529,-9367,10
704,5985,-6700,11
504,6675,-7189,10
96,5060,-5167,11
922,5797,-6729,10
133,5333,-5476,10
685,9032,-9727,10
533,1016,-1559,10
825,9515,-10350,10
145,5023,-5179,11
940,6218,-7168,10
444,2933,-3387,10
880,7742,-8632,10
318,7305,-7633,10
393,2144,-2548,11
802,2852,-3664,10
959,2429,-3398,10
120,7798,-7929,11
263,4498,-4772,11
781,8730,-9522,11
704,8328,-9043,11
74,5304,-5388,10
806,8520,-9337,11
951,4694,-5656,11
418,5318,-5747,11
316,3279,-3606,11
935,2288,-3233,10
280,7443,-7733,10
942,1862,-2814,10
998,8653,-9662,11
5,9525,-9540,10
517,9908,-10435,10
256,3231,-3497,10
548,6578,-7137,11
399,1770,-2179,10
630,1414,-2055,11
227,7935,-8172,10
812,6365,-7187,10
959,7086,-8055,10
490,3833,-4333,10
721,9581,-10312,10
568,1711,-2289,10
716,1099,-1825,10
485,7291,-7787,11
807,2475,-3292,10
241,6667,-6918,10
3,3772,-3786,11
174,5177,-5361,10
751,8333,-9094,10
429,7188,-7628,11
33,7670,-7713,10
582,9679,-10271,10
11,8972,-8994,11
655,7473,-8139,11
869,5423,-6303,11
943,9144,-10098,11
715,8418,-9144,11
373,4634,-5018,11
701,9308,-10020,11
691,6864,-7566,11
107,7954,-8071,10
697,2464,-3171,10
706,7111,-7827,10
39,4751,-4800,10
601,5974,-6585,10
99,1719,-1829,11
642,9401,-10053,10
359,4067,-4437,11
77,2018,-2105,10
392,2452,-2855,11
943,8150,-9103,10
924,7386,-8321,11
106,6561,-6677,10
266,5740,-6016,10
145,2696,-2852,11
465,2700,-3176,11
251,8037,-8299,11
295,4592,-4898,11
795,1229,-2035,11
677,2325,-3013,11
251,1575,-1836,10
836,9409,-10255,10
411,7940,-8362,11
332,6956,-7299,11
285,9821,-10116,10
97,9770,-9878,11
92,7846,-7949,11
621,2111,-2742,10
211,6204,-6426,11
2,5808,-5821,11
904,8540,-9454,10
897,5535,-6443,11
196,7049,-7255,10
986,9799,-10796,11
79,3145,-3234,10
219,9567,-9797,11
641,9589,-10240,10
682,8820,-9513,11
212,7294,-7517,11
243,3551,-3805,11
723,6446,-7179,10
637,4596,-5243,10
521,9231,-9763,11
5,4755,-4770,10
156,4147,-4313,10
726,3811,-4547,10
200,3699,-3909,10
704,8326,-9040,10
443,3447,-3901,11
838,7053,-7901,10
396,5978,-6385,11
26,5797,-5833,10
366,2091,-2467,10
391,7645,-8047,11
754,5064,-5828,10
83,8816,-8909,10
204,2964,-3178,10
518,4987,-5515,10
728,4839,-5578,11
643,2194,-2848,11
988,9902,-10901,11
342,3213,-3565,10
271,5432,-5713,10
268,6664,-6942,10
605,9722,-10337,10
569,8508,-9087,10
677,5794,-6481,10
974,4021,-5006,11
299,7745,-8055,11
987,7049,-8046,10
120,1912,-2043,11
712,3125,-3848,11
544,7805,-8359,10
382,2895,-3288,11
874,1766,-2650,10
255,9519,-9785,11
984,2613,-3607,10
214,1989,-2214,11
384,6096,-6490,10
51,5202,-5263,10
773,6369,-7153,11
830,5453,-6293,10
177,9869,-10056,10
691,6076,-6777,10
682,7527,-8219,10
518,6053,-6582,11
831,3853,-4694,10
320,4550,-4880,10
223,5657,-5891,11
399,5156,-5565,10
322,5644,-5976,10
33,3555,-3598,10
685,6537,-7232,10
926,4404,-5340,10
82,6043,-6136,11
988,7333,-8331,10
822,7927,-8759,10
567,8097,-8675,11
612,5021,-5643,10
709,6755,-7474,10
867,4652,-5530,11
626,9385,-10021,10
730,7877,-8618,11
426,1113,-1549,10
204,8088,-8303,11
442,1989,-2441,10
538,4663,-5212,11
593,1437,-2041,11
944,5664,-6619,11
655,6994,-7659,10
16,8378,-8405,11
673,5487,-6171,11
822,5311,-6143,10
189,7447,-7646,10
904,6528,-7442,10
562,8650,-9223,11
19,7719,-7748,10
615,7708,-8333,10
493,3233,-3737,11
597,8000,-8607,10
23,5010,-5043,10
714,9713,-10437,10
636,9718,-10364,10
460,9745,-10215,10
915,9590,-10515,10
308,2279,-2598,11
173,4773,-4957,11
809,3330,-4150,11
654,7687,-8352,11
259,9884,-10153,10
521,2521,-3053,11
942,3762,-4715,11
516,8281,-8807,10
132,3008,-3151,11
234,9882,-10127,11
33,2164,-2207,10
437,1752,-2200,11
23,8470,-8504,11
719,1319,-2049,11
903,5320,-6234,11
113,7856,-7979,10
650,7822,-8482,10
103,5177,-5291,11
532,6733,-7275,10
293,6197,-6500,10
479,4750,-5240,11
659,2704,-3374,11
746,4542,-5298,10
605,2387,-3002,10
731,8301,-9042,10
201,8284,-8496,11
803,5541,-6354,10
253,3048,-3311,10
740,8759,-9509,10
618,1791,-2420,11
745,2989,-3744,10
905,2114,-3029,10
395,2568,-2974,11
161,2521,-2692,10
868,6077,-6955,10
701,2309,-3021,11
562,6681,-7254,11
207,4771,-4988,10
286,8997,-9293,10
712,3788,-4510,10
417,5478,-5906,11
329,2130,-2470,11
284,4036,-4330,10
806,3457,-4273,10
57,3261,-3328,10
635,7496,-8141,10
728,7105,-7844,11
243,4518,-4771,10
795,7139,-7945,11
491,7217,-7719,11
763,6931,-7704,10
557,6344,-6911,10
879,9959,-10849,11
920,6520,-7450,10
61,4393,-4464,10
170,8333,-8514,11
999,7100,-8110,11
287,1872,-2170,11
318,5452,-5781,11
413,6710,-7133,10
685,1534,-2230,11
533,8652,-9196,11
559,7752,-8321,10
24,7300,-7335,11
619,8556,-9185,10
563,4424,-4998,11
681,8052,-8744,11
373,8691,-9075,11
508,3267,-3785,10
933,4632,-5575,10
944,5939,-6893,10
75,1418,-1503,10
977,4291,-5279,11
811,2415,-3237,11
199,7798,-8007,10
407,1411,-1828,10
273,8386,-8669,10
657,8165,-8832,10
762,9957,-10729,10
456,1344,-1811,11
327,6825,-7163,11
838,9594,-10443,11
409,9056,-9475,10
290,4518,-4819,11
182,1112,-1305,11
318,6883,-7211,10
476,9045,-9531,10
259,9217,-9487,11
617,8133,-8760,10
440,4935,-5386,11
378,9044,-9432,10
24,8289,-8323,10
14,3058,-3083,11
183,7784,-7977,10
690,9437,-10137,10
411,6355,-6776,10
728,1165,-1904,11
789,3700,-4499,10
918,7498,-8427,11
436,8747,-9193,10
944,8669,-9624,11
935,2456,-3402,11
836,1521,-2368,11
947,8456,-9413,10
78,3517,-3606,11
702,2095,-2808,11
542,7397,-7949,10
93,4138,-4241,10
69,6779,-6858,10
909,8116,-9035,10
6,5457,-5473,10
610,4234,-4855,11
339,5619,-5968,10
608,2905,-3523,10
140,7315,-7466,11
9,7527,-7547,11
431,4983,-5424,10
345,7422,-7778,11
687,7249,-7946,10
127,8613,-8750,10
128,1754,-1892,10
456,2342,-2809,11
293,5302,-5606,11
870,3894,-4775,11
26,5730,-5766,10
524,7929,-8463,10
172,3230,-3413,11
301,7630,-7942,11
113,1673,-1797,11
399,4530,-4939,10
568,2861,-3439,10
398,3160,-3568,10
431,1810,-2252,11
712,5298,-6020,10
513,3356,-3880,11
650,7976,-8636,10
306,9702,-10018,10
909,9547,-10467,11
857,2182,-3049,10
3,2810,-2823,10
100,4019,-4129,10
36,4738,-4785,11
478,6856,-7345,11
131,5352,-5493,10
350,9097,-9457,10
128,4705,-4843,10
690,1933,-2633,10
535,6068,-6614,11
212,9369,-9592,11
921,2499,-3430,10
856,5890,-6756,10
221,4858,-5089,10
407,7614,-8032,11
91,1335,-1436,10
951,3724,-4685,10
965,5952,-6928,11
486,7300,-7796,10
909,1412,-2331,10
708,3042,-3760,10
405,4102,-4517,10
223,5825,-6059,11
266,3490,-3767,11
338,8773,-9122,11
793,4799,-5602,10
541,6815,-7366,10
110,2891,-3012,11
868,7373,-8251,10
250,5290,-5550,10
124,5763,-5898,11
75,5412,-5497,10
200,5266,-5477,11
859,3677,-4546,10
677,4257,-4944,10
976,9939,-10926,11
306,2304,-2621,11
255,2684,-2949,10
86,8802,-8899,11
329,4527,-4866,10
792,6459,-7261,10
570,8573,-9153,10
242,2368,-2620,10
226,7516,-7753,11
980,8597,-9587,10
817,8985,-9813,11
966,5169,-6145,10
131,8261,-8403,11
167,8637,-8814,10
612,2158,-2781,11
44,1273,-1327,10
152,5091,-5254,11
90,7218,-7318,10
361,7078,-7449,10
115,4107,-4232,10
993,6775,-7779,11
1,6188,-6199,10
326,9446,-9782,10
812,5687,-6510,11
407,3307,-3724,10
902,9029,-9941,10
62,8393,-8465,10
376,4044,-4430,10
333,6596,-6940,11
963,9679,-10652,10
766,9373,-10150,11
690,5957,-6658,11
105,7778,-7894,11
524,4902,-5437,11
764,8849,-9623,10
151,7586,-7748,11
454,5787,-6252,11
508,2641,-3160,11
667,2727,-3404,10
870,2224,-3105,11
400,4627,-5038,11
478,1797,-2285,10
173,5416,-5599,10
460,4831,-5301,10
758,3215,-3983,10
294,2037,-2342,11
180,1560,-1750,10
58,1502,-1571,11
893,3564,-4468,11
194,9774,-9979,11
163,2643,-2816,10
798,1281,-2089,10
720,2881,-3612,11
724,5639,-6374,11
559,4741,-5311,11
235,7636,-7882,11
579,8237,-8826,10
709,8287,-9006,10
120,2298,-2429,11
188,4638,-4836,10
126,8510,-8647,11
339,2734,-3083,10
707,9133,-9850,10
619,6241,-6870,10
441,3227,-3678,10
868,7053,-7932,11
540,9901,-10451,10
902,2955,-3868,11
170,7589,-7769,10
127,4832,-4970,11
979,8840,-9830,11
742,5235,-5987,10
264,7406,-7680,10
656,4820,-5486,10
878,4237,-5126,11
723,2951,-3684,10
358,8955,-9324,11
542,1571,-2123,10
559,8960,-9530,11
563,8486,-9059,10
134,7262,-7406,10
842,8873,-9726,11
270,9384,-9664,10
177,4067,-4254,10
378,5394,-5783,11
849,5604,-6464,11
934,3169,-4113,10
117,7644,-7772,11
660,1162,-1833,11
893,8737,-9640,10
442,6688,-7140,10
724,7521,-8255,10
771,6416,-7197,10
224,7995,-8230,11
184,6303,-6497,10
909,3344,-4263,10
822,8826,-9659,11
232,1016,-1258,10
825,5457,-6293,11
422,8337,-8770,11
183,3544,-3737,10
191,5324,-5526,11
71,6943,-7025,11
380,7643,-8034,11
863,9514,-10388,11
311,8429,-8750,10
314,5338,-5662,10
926,6149,-7086,11
782,8801,-9593,10
229,6582,-6821,10
784,5274,-6069,11
425,4748,-5184,11
31,9876,-9917,10
696,4061,-4768,11
654,4165,-4829,10
829,5709,-6548,10
979,5274,-6263,10
143,7802,-7955,10
710,4722,-5443,11
422,3184,-3617,11
51,4228,-4290,11
707,5304,-6022,11
596,4533,-5140,11
817,3424,-4252,11
234,6199,-6444,11
818,4549,-5378,11
685,4151,-4846,10
984,5563,-6558,11
805,4800,-5615,10
735,7365,-8111,11
334,1453,-1798,11
997,4894,-5901,10
640,9681,-10332,11
819,5711,-6540,10
431,2604,-3045,10
635,5648,-6294,11
258,9492,-9760,10
873,4372,-5256,11
452,4962,-5425,11
845,1450,-2305,10
319,1734,-2063,10
197,9035,-9242,10
146,2104,-2260,10
270,6988,-7269,11
807,1822,-2639,10
81,7208,-7299,10
609,9803,-10423,11
788,1986,-2784,10
578,3289,-3877,10
460,4428,-4899,11
521,2829,-3360,10
540,6330,-6881,11
407,3538,-3955,10
673,4480,-5164,11
644,2195,-2850,11
540,2688,-3238,10
277,7816,-8103,10
763,5317,-6091,11
568,6200,-6779,11
125,5500,-5636,11
40,4564,-4614,10
49,5078,-5137,10
762,5841,-6614,11
802,3894,-4707,11
410,7499,-7919,10
101,3550,-3661,10
281,1503,-1795,11
151,8269,-8430,10
788,9612,-10410,10
468,4506,-4985,11
139,8632,-8781,10
139,8654,-8803,10
211,1653,-1874,10
999,2621,-3631,11
228,7120,-7359,11
71,5355,-5437,11
961,1862,-2834,11
161,5606,-5777,10
875,3360,-4245,10
392,1926,-2329,11
875,3903,-4788,10
50,7555,-7615,10
80,7781,-7871,10
75,1918,-2003,10
449,9173,-9633,11
826,8228,-9064,10
881,3873,-4764,10
301,3541,-3852,10
626,7417,-8054,11
535,3137,-3682,10
962,5457,-6430,11
127,5895,-6032,10
783,9711,-10504,10
150,7567,-7728,11
949,6647,-7607,11
572,2557,-3140,11
425,5921,-6356,10
328,3441,-3779,10
487,6996,-7494,11
629,4933,-5573,11
132,9352,-9494,10
982,5122,-6114,10
834,2901,-3746,11
19,2509,-2539,11
313,3607,-3930,10
558,5521,-6089,10
766,8637,-9414,11
622,2715,-3348,11
94,9506,-9610,10
757,8148,-8916,11
684,8915,-9610,11
973,7855,-8839,11
819,7136,-7965,10
528,3972,-4510,10
151,8570,-8732,11
546,5542,-6098,10
670,3343,-4023,10
671,8745,-9426,10
415,4281,-4707,11
581,7386,-7978,11
779,9942,-10732,11
196,1578,-1785,11
890,1772,-2672,10
429,8298,-8738,11
893,1888,-2791,10
772,5301,-6083,10
742,1017,-1770,11
870,1320,-2201,11
884,3120,-4015,11
550,3483,-4043,10
333,3295,-3638,10
632,6838,-7481,11
486,8793,-9289,10
143,3751,-3905,11
445,8288,-8744,11
423,2690,-3124,11
810,8438,-9259,11
972,5270,-6252,10
625,1274,-1910,11
628,7357,-7996,11
138,1587,-1735,10
330,3688,-4028,10
679,3950,-4639,10
32,1819,-1862,11
49,2722,-2782,11
457,3109,-3576,10
11,9066,-9088,11
663,8304,-8977,10
338,5581,-5930,11
604,5389,-6004,11
624,3236,-3871,11
429,4154,-4593,10
372,9071,-9454,11
71,8217,-8298,10
352,5420,-5783,11
481,9971,-10463,11
912,8006,-8928,10
712,8772,-9495,11
49,1229,-1289,11
999,5376,-6385,10
470,3558,-4038,10
519,4332,-4862,11
24,6712,-6746,10
426,5036,-5472,10
233,5323,-5566,10
106,7160,-7277,11
434,3922,-4367,11
380,7284,-7674,10
758,6612,-7380,10
792,4434,-5236,10
918,5015,-5944,11
35,1658,-1704,11
876,2969,-3856,11
133,9245,-9388,10
202,1361,-1574,11
167,3716,-3894,11
847,5979,-6837,11
802,9724,-10536,10
412,1726,-2149,11
256,1767,-2034,11
521,9323,-9854,10
896,4731,-5638,11
531,5573,-6114,10
742,6638,-7391,11
210,7408,-7628,10
176,6635,-6822,11
121,3182,-3313,10
246,9079,-9335,10
875,1642,-2527,10
72,8998,-9080,10
90,8347,-8447,10
929,1200,-2140,11
17,1467,-1495,11
793,7890,-8693,10
774,3160,-3944,10
643,4969,-5623,11
688,6766,-7465,11
98,8221,-8330,11
845,8103,-8958,10
339,4081,-4431,11
11,2194,-2216,11
923,9588,-10522,11
172,8887,-9070,11
269,3189,-3469,11
28,8568,-8607,11
592,6551,-7154,11
627,1415,-2053,11
574,9218,-9803,11
464,8784,-9259,11
57,3885,-3952,10
3,3783,-3797,11
139,4302,-4451,10
123,3250,-3384,11
557,7632,-8199,10
948,3832,-4790,10
37,5157,-5204,10
460,6208,-6679,11
745,2549,-3305,11
433,7354,-7797,10
602,8642,-9254,10
889,8336,-9236,11
835,8104,-8949,10
750,9716,-10476,10
203,8254,-8468,11
902,8253,-9166,11
109,4994,-5113,10
748,6581,-7340,11
271,4421,-4703,11
93,8923,-9026,10
607,9150,-9768,11
880,6630,-7521,11
972,5006,-5988,10
48,5068,-5127,11
665,1262,-1937,10
1,3537,-3548,10
980,6400,-7390,10
175,7821,-8006,10
987,2435,-3433,11
322,4633,-4966,11
38,9132,-9181,11
954,6458,-7423,11
613,4046,-4670,11
125,7595,-7731,11
523,8530,-9064,11
661,7263,-7934,10
938,5743,-6692,11
433,4617,-5061,11
870,2849,-3729,10
856,2793,-3660,11
687,2140,-2838,11
971,5119,-6100,10
366,2057,-2434,11
690,1346,-2047,11
29,9309,-9348,10
63,5688,-5761,10
625,1126,-1761,10
180,5482,-5673,11
373,7087,-7471,11
734,6510,-7254,10
150,6633,-6794,11
27,7098,-7136,11
473,8187,-8671,11
276,4799,-5085,10
298,8356,-8664,10
144,1865,-2020,11
382,3320,-3712,10
845,2203,-3059,11
228,7863,-8102,11
759,5632,-6402,11
836,6448,-7294,10
638,2256,-2904,10
632,8727,-9369,10
731,3076,-3818,11
830,4179,-5019,10
176,2515,-2701,10
720,3010,-3740,10
590,9234,-9835,11
173,2067,-2250,10
670,6722,-7402,10
3,9204,-9217,10
827,2283,-3121,11
572,7030,-7613,11
970,1731,-2712,11
618,2138,-2766,10
563,2704,-3278,11
245,4606,-4862,11
505,9943,-10458,10
565,9453,-10028,10
2,2650,-2662,10
136,4311,-4458,11
836,6369,-7215,10
505,3530,-4045,10
299,7372,-7682,11
146,5542,-5698,10
468,7684,-8163,11
751,6515,-7277,11
761,2023,-2795,11
135,7822,-7968,11
72,2328,-2410,10
225,6384,-6620,11
153,5989,-6153,11
974,3990,-4975,11
873,3586,-4470,11
678,3636,-4324,10
145,6625,-6781,11
831,9731,-10572,10
453,2758,-3222,11
13,1654,-1678,11
567,3937,-4514,10
506,5900,-6416,10
420,7093,-7523,10
95,9773,-9879,11
246,9461,-9717,10
537,7846,-8394,11
401,1624,-2035,10
614,3216,-3841,11
437,8370,-8818,11
335,4898,-5244,11
183,1304,-1497,10
867,8274,-9151,10
939,2910,-3859,10
89,9560,-9659,10
809,9879,-10699,11
869,7381,-8260,10
991,6859,-7861,11
42,6059,-6112,11
292,4103,-4405,10
424,2305,-2740,11
375,8095,-8480,10
29,2186,-2225,10
641,7707,-8358,10
399,4720,-5130,11
738,8441,-9190,11
189,6937,-7137,11
466,2052,-2529,11
911,2698,-3620,11
855,5675,-6541,11
198,1097,-1305,10
185,5394,-5590,11
937,5265,-6212,10
142,7271,-7424,11
42,5267,-5320,11
218,6070,-6298,10
396,8005,-8412,11
835,8193,-9039,11
322,5357,-5689,10
608,7012,-7631,11
759,6003,-6773,11
632,7481,-8123,10
538,5447,-5995,10
13,6898,-6921,10
362,1889,-2262,11
432,7396,-7838,10
430,4578,-5019,11
780,1709,-2499,10
31,9214,-9255,10
427,5790,-6228,11
979,5960,-6950,11
156,3408,-3574,10
48,3590,-3648,10
396,2974,-3380,10
624,5325,-5959,10
893,8530,-9434,11
253,3577,-3841,11
745,5433,-6188,10
143,8626,-8780,11
707,8300,-9017,10
124,4456,-4590,10
841,3999,-4850,10
104,2577,-2691,10
517,3654,-4181,10
114,1027,-1152,11
474,8067,-8551,10
494,4805,-5309,10
263,7756,-8029,10
292,5139,-5442,11
894,4203,-5108,11
971,3052,-4034,11
889,2029,-2928,10
824,5580,-6415,11
223,1861,-2094,10
11,3900,-3921,10
113,9858,-9981,10
358,3219,-3588,11
538,2442,-2991,11
455,1679,-2145,11
80,1723,-1813,10
794,6730,-7535,11
645,7462,-8118,11
340,8091,-8441,10
690,8154,-8854,10
548,3916,-4474,10
650,9133,-9793,10
952,5935,-6898,11
333,9738,-10081,10
680,1062,-1752,10
137,7098,-7246,11
512,3669,-4191,10
407,6067,-6485,11
964,2837,-3811,10
759,3746,-4516,11
245,5489,-5745,11
864,2777,-3652,11
972,3319,-4302,11
302,1946,-2258,10
666,7556,-8233,11
497,6422,-6930,11
803,7713,-8527,11
502,4183,-4696,11
862,5685,-6558,11
403,2486,-2899,10
572,9628,-10211,11
794,1376,-2181,11
425,8935,-9370,10
747,9041,-9798,10
114,2718,-2842,10
73,9093,-9177,11
483,6450,-6944,11
575,4700,-5285,10
755,2104,-2869,10
477,7534,-8022,11
219,5873,-6102,10
344,6368,-6722,10
946,5399,-6356,11
724,1358,-2092,10
275,2040,-2326,11
514,1509,-2033,10
338,7028,-7377,11
259,8478,-8748,11
810,7472,-8292,10
378,4644,-5033,11
28,4311,-4349,10
647,7196,-7854,11
788,5573,-6372,11
762,1744,-2517,11
479,2455,-2944,10
382,8794,-9186,10
82,2059,-2152,11
461,2709,-3180,10
478,7692,-8181,11
669,3949,-4629,11
691,5015,-5717,11
982,6233,-7226,11
819,1983,-2812,10
567,5610,-6187,10
136,9196,-9342,10
11,2705,-2726,10
521,3960,-4492,11
386,4540,-4936,10
843,2552,-3406,11
337,6337,-6684,10
135,9813,-9958,10
600,8250,-8860,10
53,4607,-4670,10
366,9046,-9423,11
546,6677,-7233,10
581,2198,-2789,10
339,5270,-5620,11
249,6199,-6459,11
929,2328,-3268,11
643,2229,-2882,10
501,7458,-7970,11
184,4426,-4621,11
364,6296,-6671,11
416,5279,-5705,10
506,7362,-7879,11
216,4085,-4311,10
45,7005,-7061,11
556,3889,-4455,10
508,8878,-9396,10
410,1066,-1487,11
931,6695,-7636,10
742,4780,-5533,11
50,4877,-4938,11
501,6148,-6660,11
356,5774,-6140,10
543,9668,-10222,11
282,5840,-6133,11
348,1055,-1413,10
694,9236,-9940,10
869,5743,-6622,10
391,4238,-4640,11
422,5630,-6062,10
511,9988,-10509,10
135,2856,-3001,10
775,8634,-9420,11
574,8084,-8668,10
333,8233,-8576,10
254,8230,-8494,10
474,1761,-2246,11
241,5624,-5875,10
929,7462,-8402,11
930,9588,-10528,10
309,5881,-6200,10
676,5638,-6324,10
870,2775,-3656,11
203,7779,-7993,11
393,6548,-6952,11
656,7708,-8374,10
436,8904,-9350,10
934,6316,-7260,10
575,2721,-3307,11
732,7801,-8544,11
72,5040,-5122,10
189,9375,-9575,11
679,6262,-6951,10
912,8672,-9595,11
657,5610,-6277,10
924,4159,-5094,11
438,5304,-5753,11
585,3681,-4277,11
536,4233,-4779,10
247,4992,-5249,10
783,7342,-8136,11
343,5949,-6302,10
75,3259,-3344,10
491,5334,-5836,11
219,7164,-7393,10
798,3943,-4752,11
65,4278,-4354,11
860,5223,-6093,10
569,6976,-7555,10
641,6416,-7067,10
496,5919,-6425,10
440,8492,-8943,11
139,8050,-8200,11
342,6516,-6869,11
362,5922,-6294,10
401,3772,-4184,11
170,2134,-2314,10
10,3524,-3545,11
468,6955,-7433,10
221,4957,-5189,11
289,1239,-1538,10
810,4217,-5037,10
336,6814,-7161,11
471,5546,-6027,10
581,4503,-5095,11
48,2426,-2485,11
522,7662,-8195,11
479,4876,-5365,10
107,9848,-9966,11
18,6536,-6564,10
742,8436,-9188,10
856,7483,-8349,10
922,9810,-10743,11
971,3169,-4151,11
491,3004,-3506,11
440,6605,-7055,10
868,4426,-5305,11
595,8028,-8633,10
759,5055,-5824,10
326,7946,-8283,11
955,9543,-10509,11
226,5069,-5305,10
14,6635,-6660,11
750,7927,-8687,10
364,8464,-8839,11
540,2125,-2676,11
397,4353,-4760,10
427,9760,-10197,10
391,4776,-5178,11
842,6823,-7676,11
44,8017,-8072,11
953,1850,-2813,10
626,9273,-9909,10
758,1602,-2370,10
808,7230,-8048,10
185,7063,-7258,10
688,6640,-7339,11
272,2636,-2918,10
180,7482,-7672,10
151,6937,-7098,10
601,5263,-5875,11
584,5455,-6050,11
743,1621,-2374,10
157,3490,-3658,11
972,2351,-3334,11
363,9462,-9835,10
260,6486,-6757,11
937,5267,-6215,11
134,9001,-9145,10
493,8431,-8934,10
554,4680,-5244,10
84,2094,-2189,11
437,7854,-8301,10
350,7926,-8287,11
389,3397,-3796,10
29,6860,-6899,10
690,5870,-6570,10
170,2129,-2309,10
742,4033,-4786,11
327,5785,-6122,10
299,5105,-5414,10
406,4603,-5019,10
534,5017,-5561,10
162,7386,-7559,11
140,9858,-10009,11
54,9555,-9620,11
453,8208,-8672,11
246,2637,-2893,10
189,2261,-2460,10
659,5732,-6402,11
916,7024,-7951,11
714,2922,-3647,11
384,6192,-6587,11
311,1502,-1824,11
373,4970,-5353,10
775,2815,-3600,10
866,3329,-4206,11
25,5362,-5397,10
616,4801,-5428,11
743,5903,-6656,10
554,1850,-2415,11
987,1950,-2947,10
160,8865,-9035,10
320,1459,-1789,10
682,7829,-8521,10
716,2215,-2941,10
544,9871,-10426,11
362,4176,-4549,11
993,2120,-3123,10
774,2084,-2869,11
225,1106,-1341,10
280,5255,-5546,11
726,2480,-3217,11
474,2700,-3184,10
428,6332,-6771,11
347,4201,-4558,10
440,9434,-9884,10
730,4376,-5117,11
836,5178,-6024,10
610,8302,-8922,10
170,9364,-9544,10
831,3028,-3870,11
928,8580,-9518,10
419,1724,-2153,10
931,3512,-4453,10
367,3874,-4251,10
154,7849,-8014,11
640,6495,-7145,10
539,6480,-7029,10
374,1737,-2122,11
78,2317,-2405,10
95,9698,-9803,10
833,2698,-3542,11
308,6294,-6612,10
782,4079,-4872,11
136,6053,-6200,11
55,2493,-2559,11
83,4463,-4557,11
94,5434,-5539,11
915,6903,-7829,11
531,5037,-5578,10
423,5602,-6036,11
492,1429,-1932,11
257,8035,-8303,11
898,4910,-5819,11
241,7162,-7413,10
578,3393,-3982,11
222,7328,-7560,10
827,1626,-2464,11
341,4161,-4513,11
839,2269,-3119,11
432,5831,-6273,10
369,8193,-8572,10
248,7437,-7695,10
906,5011,-5928,11
456,9068,-9534,10
545,3773,-4328,10
173,1184,-1368,11
734,4315,-5060,11
846,1187,-2044,11
209,7171,-7391,11
402,7387,-7799,10
632,6368,-7010,10
678,3689,-4378,11
925,6934,-7869,10
308,2963,-3281,10
692,5699,-6402,11
642,4319,-4972,11
154,4208,-4372,10
327,8188,-8525,10
312,2968,-3290,10
184,8606,-8801,11
231,1696,-1938,11
279,4941,-5231,11
187,6352,-6550,11
413,2693,-3116,10
256,8889,-9155,10
403,1005,-1419,11
639,7382,-8031,10
68,8110,-8188,10
967,4328,-5305,10
207,2175,-2392,10
527,6110,-6647,10
140,2586,-2737,11
130,3935,-4076,11
139,7714,-7864,11
506,6634,-7151,11
651,7464,-8125,10
73,9447,-9531,11
760,7218,-7989,11
294,4804,-5108,10
632,8814,-9457,11
625,5733,-6368,10
841,4238,-5090,11
904,6138,-7052,10
672,4393,-5076,11
541,7977,-8529,11
708,5001,-5719,10
299,7827,-8136,10
739,5931,-6680,10
735,1634,-2380,11
695,9752,-10457,10
624,4033,-4667,10
999,6401,-7411,11
405,9751,-10167,11
190,4446,-4647,11
988,1276,-2275,11
540,1479,-2029,10
848,9962,-10821,11
895,5776,-6681,10
919,3778,-4707,10
368,1255,-1633,10
457,8917,-9385,11
866,1284,-2161,11
965,1529,-2505,11
613,3678,-4302,11
698,1350,-2059,11
456,3995,-4462,11
438,5060,-5509,11
105,3938,-4053,10
485,3883,-4378,10
35,2627,-2673,11
680,5908,-6598,10
823,1728,-2561,10
944,1254,-2209,11
720,5067,-5797,10
119,1306,-1436,11
961,3670,-4642,11
453,5177,-5641,11
715,4535,-5261,11
914,2336,-3261,11
665,3049,-3725,11
913,3987,-4911,11
7,6395,-6413,11
740,9318,-10069,11
925,1980,-2916,11
634,2065,-2709,10
284,7520,-7815,11
724,9999,-10733,10
926,6326,-7263,11
4,1488,-1503,11
316,4500,-4826,10
328,4669,-5007,10
575,6848,-7434,11
508,2210,-2728,10
605,5198,-5814,11
367,5327,-5704,10
946,3996,-4953,11
398,6109,-6517,10
66,6112,-6188,10
372,4018,-4400,10
260,8630,-8900,10
344,1014,-1368,10
601,6830,-7441,10
697,3553,-4260,10
23,2112,-2145,10
683,2293,-2987,11
790,1750,-2551,11
645,9470,-10125,10
814,8544,-9369,11
357,5050,-5418,11
22,3861,-3894,11
733,4291,-5034,10
408,7955,-8373,10
774,7938,-8723,11
902,3815,-4727,10
275,9532,-9817,10
835,4318,-5163,10
58,2551,-2619,10
516,5788,-6315,11
558,9357,-9926,11
801,9867,-10678,10
861,1285,-2156,10
890,5536,-6437,11
188,4353,-4552,11
749,6236,-6995,10
643,3370,-4023,10
105,8849,-8964,10
814,8291,-9116,11
720,4030,-4760,10
424,2026,-2460,10
495,9006,-9512,11
523,4718,-5251,10
398,4153,-4562,11
601,9923,-10535,11
31,2638,-2679,10
820,5686,-6517,11
429,2246,-2685,10
322,2020,-2352,10
788,1898,-2697,11
630,5386,-6027,11
438,3954,-4403,11
388,8289,-8687,10
38,4257,-4306,11
678,3374,-4063,11
342,9525,-9877,10
137,7150,-7298,11
594,5550,-6154,10
146,8998,-9155,11
400,3491,-3901,10
311,4395,-4717,11
940,1880,-2831,11
782,2897,-3689,10
177,7042,-7230,11
169,9942,-10122,11
49,1451,-1510,10
381,4835,-5227,11
884,7718,-8613,11
315,8928,-9253,10
454,7718,-8182,10
714,7977,-8702,11
978,2731,-3719,10
497,5894,-6401,10
941,1010,-1961,10
211,2215,-2437,11
532,3801,-4343,10
941,8202,-9153,10
909,6650,-7569,10
703,1229,-1942,10
994,1587,-2592,11
661,1483,-2155,11
243,6191,-6444,10
923,5517,-6451,11
570,2452,-3032,10
647,7337,-7995,11
240,7724,-7974,10
213,9693,-9917,11
502,2718,-3230,10
223,8879,-9112,10
170,4394,-4574,10
919,2320,-3250,11
494,3366,-3871,11
742,4438,-5190,10
629,9246,-9885,10
275,6259,-6545,11
671,8670,-9352,11
217,1184,-1411,10
110,4352,-4473,11
143,1527,-1681,11
390,5579,-5979,10
549,3059,-3618,10
256,9533,-9799,10
196,1549,-1755,10
829,6064,-6903,10
840,6178,-7029,11
763,2740,-3513,10
684,1127,-1822,11
635,8084,-8730,11
139,9251,-9400,10
999,8293,-9303,11
770,5374,-6155,11
644,7222,-7876,10
890,7694,-8594,10
545,3275,-3831,11
191,6920,-7122,11
856,5613,-6480,11
12,8460,-8483,11
563,4845,-5418,10
699,1642,-2351,10
74,6273,-6357,10
820,7855,-8686,11
301,3140,-3451,10
46,8213,-8270,11
371,1727,-2108,10
849,1584,-2443,10
397,2923,-3330,10
774,3602,-4386,10
666,9883,-10559,10
454,3113,-3578,11
545,6689,-7244,10
202,8103,-8316,11
926,2548,-3485,11
707,4578,-5295,10
593,1978,-2581,10
684,6331,-7025,10
766,2148,-2924,10
88,5012,-5110,10
803,3639,-4453,11
775,1403,-2189,11
274,1592,-1876,10
286,9592,-9888,10
403,5520,-5934,11
222,4877,-5109,10
818,4676,-5504,10
544,5381,-5936,11
660,8080,-8751,11
845,2039,-2895,11
192,6118,-6320,10
418,9711,-10140,11
602,4779,-5392,11
387,6548,-6946,11
112,9628,-9751,11
947,9526,-10483,10
982,9053,-10045,10
586,1767,-2363,10
679,4801,-5491,11
902,5203,-6115,10
455,1168,-1634,11
517,9849,-10376,10
739,2016,-2766,11
102,4869,-4981,10
453,9941,-10405,11
585,2457,-3053,11
300,5377,-5688,11
897,5543,-6451,11
654,1036,-1701,11
655,6202,-6867,10
579,8430,-9019,10
941,4209,-5161,11
475,2442,-2928,11
112,3346,-3469,11
235,6326,-6572,11
473,7732,-8216,11
466,8524,-9000,10
836,1157,-2004,11
418,2965,-3393,10
739,4436,-5186,11
718,2948,-3676,10
299,7793,-8102,10
366,6800,-7177,11
445,7187,-7642,10
437,5574,-6021,10
842,9327,-10180,11
373,8065,-8449,11
293,9843,-10147,11
754,8575,-9339,10
13,7372,-7396,11
540,3845,-4396,11
308,2187,-2506,11
902,5442,-6355,11
302,6585,-6897,10
732,9510,-10252,10
468,5965,-6443,10
125,4806,-4942,11
948,6390,-7349,11
417,6552,-6980,11
307,2725,-3043,11
621,4926,-5557,10
205,8000,-8216,11
550,3088,-3648,10
532,9030,-9572,10
190,6206,-6407,11
299,4122,-4432,11
228,3878,-4116,10
873,4229,-5113,11
734,9605,-10350,11
37,5346,-5394,11
859,2638,-3507,10
101,7651,-7763,11
200,2317,-2527,10
285,2859,-3154,10
23,3196,-3230,11
674,9240,-9925,11
374,8280,-8665,11
726,2247,-2984,11
743,5600,-6353,10
644,8346,-9001,11
749,7974,-8734,11
825,3810,-4646,11
121,6317,-6448,10
147,6822,-6979,10
753,6395,-7159,11
315,5481,-5807,11
224,6955,-7189,10
937,2087,-3035,11
176,3588,-3775,11
460,1814,-2285,11
880,1694,-2585,11
143,2720,-2874,11
889,9188,-10088,11
869,2452,-3331,10
132,1989,-2132,11
669,2129,-2808,10
755,2233,-2999,11
943,1370,-2323,10
182,3965,-4157,10
477,3569,-4057,11
296,3788,-4094,10
827,1305,-2142,10
103,2333,-2447,11
472,9957,-10439,10
550,4754,-5314,10
793,7308,-8111,10
401,7969,-8380,10
409,5535,-5954,10
338,1583,-1932,11
994,8220,-9224,10
652,7612,-8274,10
884,4873,-5767,10
235,2615,-2861,11
188,7947,-8146,11
873,8873,-9756,10
630,8441,-9082,11
828,2192,-3030,10
538,6471,-7020,11
871,7809,-8691,11
577,1577,-2164,10
868,5942,-6821,11
635,4548,-5193,10
480,3423,-3914,11
322,6276,-6608,10
971,2295,-3276,10
731,8755,-9496,10
521,8302,-8834,11
65,4290,-4365,10
396,5790,-6196,10
783,3140,-3934,11
196,6840,-7046,10
212,5418,-5640,10
956,1477,-2444,11
897,7889,-8797,11
947,8504,-9462,11
771,8940,-9722,11
291,1858,-2159,10
279,6357,-6646,10
991,5509,-6511,11
221,9632,-9863,10
709,4124,-4843,10
595,5713,-6318,10
744,8314,-9068,10
183,3754,-3947,10
897,9862,-10769,10
938,1826,-2774,10
960,1434,-2405,11
208,7438,-7656,10
453,3347,-3810,10
720,3458,-4189,11
325,4914,-5249,10
142,5363,-5516,11
683,3976,-4669,10
469,2959,-3439,11
483,5213,-5706,10
99,8334,-8444,11
360,5810,-6180,10
96,3705,-3812,11
582,8841,-9433,10
346,8182,-8538,10
805,2751,-3567,11
255,5544,-5810,11
712,5464,-6186,10
880,2111,-3001,10
194,7290,-7494,10
382,5476,-5868,10
89,7066,-7165,10
255,5234,-5500,11
518,4087,-4615,10
685,8769,-9465,11
910,9178,-10098,10
879,8521,-9411,11
161,2713,-2884,10
1,1569,-1580,10
952,2919,-3882,11
236,3145,-3392,11
111,4165,-4286,10
608,7784,-8403,11
705,6903,-7619,11
510,2128,-2649,11
33,2633,-2677,11
207,9966,-10183,10
616,2886,-3512,10
793,8838,-9642,11
764,1064,-1839,11
913,6113,-7037,11
323,9519,-9853,11
474,5161,-5645,10
419,2357,-2786,10
924,5342,-6276,10
219,7850,-8080,11
800,8673,-9484,11
660,4343,-5014,11
701,8837,-9549,11
190,6341,-6542,11
792,5165,-5968,11
479,8608,-9097,10
994,9011,-10015,10
198,5556,-5764,10
765,5242,-6017,10
448,2987,-3445,10
62,7510,-7583,11
794,4840,-5645,11
320,2939,-3270,11
511,5741,-6263,11
404,5826,-6241,11
264,8126,-8400,10
898,3997,-4905,10
324,6158,-6493,11
296,5353,-5659,10
613,3668,-4292,11
406,8594,-9011,11
763,1324,-2098,11
382,1509,-1902,11
211,9066,-9287,10
898,6134,-7042,10
124,3938,-4072,10
337,1176,-1523,10
960,8377,-9347,10
58,6112,-6180,10
480,3578,-4069,11
890,8629,-9529,10
427,9307,-9745,11
713,2946,-3669,10
155,3836,-4002,11
292,3313,-3616,11
71,8827,-8908,10
898,8437,-9346,11
776,6998,-7784,10
878,3373,-4261,10
96,8894,-9001,11
683,8666,-9360,11
45,7936,-7991,10
754,8624,-9389,11
420,9678,-10108,10
232,8326,-8568,10
523,6241,-6774,10
123,3167,-3300,10
747,7661,-8419,11
732,9131,-9873,10
707,2912,-3629,10
805,8519,-9335,11
427,1701,-2138,10
382,2288,-2681,11
720,5921,-6652,11
104,3715,-3829,10
134,7267,-7411,10
291,7372,-7674,11
711,8927,-9649,11
508,6788,-7307,11
979,3610,-4600,11
306,3841,-4157,10
834,6482,-7327,11
923,1369,-2302,10
446,3630,-4087,11
735,2620,-3366,11
105,4225,-4341,11
218,7880,-8109,11
655,9415,-10081,11
149,3097,-3256,10
995,1077,-2082,10
232,9711,-9953,10
228,4800,-5038,10
403,8141,-8555,11
651,2720,-3381,10
152,3129,-3291,10
647,3209,-3867,11
361,8388,-8760,11
731,5638,-6380,11
300,9166,-9476,10
266,4914,-5190,10
362,6675,-7048,11
728,2565,-3303,10
246,8872,-9129,11
720,5188,-5918,10
108,1409,-1528,11
881,4928,-5820,11
739,3194,-3943,10
938,1099,-2048,11
572,1547,-2130,11
566,5909,-6485,10
865,8556,-9431,10
641,1072,-1724,11
460,8711,-9182,11
817,3539,-4366,10
18,7063,-7092,11
971,1595,-2577,11
804,2945,-3759,10
367,6329,-6707,11
657,2427,-3095,11
659,5868,-6537,10
85,5120,-5216,11
653,3115,-3778,10
109,6121,-6240,10
360,7034,-7405,11
132,9194,-9336,10
200,5521,-5731,10
209,6608,-6828,11
47,9487,-9544,10
917,9104,-10031,10
960,5224,-6194,10
103,7733,-7846,10
668,7632,-8310,10
379,8941,-9330,10
593,8822,-9425,10
185,8335,-8531,11
301,5531,-5843,11
689,5743,-6442,10
740,6716,-7467,11
680,8151,-8841,10
83,8976,-9069,10
445,2593,-3048,10
299,3427,-3737,11
119,2290,-2419,10
555,4051,-4616,10
434,7567,-8012,11
605,4730,-5345,10
859,8454,-9323,10
326,6097,-6434,11
950,1500,-2460,10
908,3567,-4485,10
691,5585,-6286,10
910,1649,-2569,10
230,5804,-6045,11
625,6437,-7073,11
460,2091,-2561,10
498,3669,-4178,11
72,6775,-6858,11
55,5059,-5124,10
872,5478,-6360,10
547,4436,-4993,10
12,6310,-6332,10
497,9909,-10417,11
836,2455,-3301,10
910,3196,-4116,10
394,4534,-4939,11
373,5464,-5847,10
518,2156,-2685,11
523,5890,-6424,11
510,9399,-9919,10
454,2633,-3098,11
800,4907,-5718,11
983,4082,-5076,11
322,6907,-7239,10
905,2894,-3809,10
166,1232,-1409,11
885,3540,-4435,10
989,9660,-10659,10
80,2496,-2587,11
982,5952,-6945,11
977,4650,-5637,10
855,6339,-7204,10
867,5301,-6179,11
767,9063,-9841,11
787,4683,-5481,11
615,9392,-10018,11
742,6810,-7562,10
250,9886,-10146,10
571,1883,-2464,10
199,9660,-9869,10
389,4199,-4598,10
567,6605,-7182,10
710,8693,-9414,11
837,4611,-5459,11
481,1588,-2080,11
846,1127,-1983,10
976,8115,-9101,10
783,4842,-5636,11
569,7469,-8048,10
570,9013,-9594,11
449,4655,-5114,10
120,9353,-9483,10
785,5073,-5869,11
234,6729,-6974,11
823,3911,-4744,10
593,3256,-3860,11
736,9235,-9981,10
358,5845,-6214,11
879,6870,-7759,10
182,1481,-1674,11
19,2360,-2390,11
129,3804,-3944,11
65,9366,-9441,10
229,9899,-10139,11
967,1769,-2746,10
928,5853,-6791,10
441,2147,-2599,11
974,3711,-4695,10
124,8551,-8686,11
941,4594,-5546,11
441,2051,-2502,10
599,5479,-6088,10
287,5450,-5748,11
251,8493,-8754,10
834,3617,-4462,11
705,3993,-4709,11
172,9104,-9287,11
81,3020,-3111,10
331,2864,-3206,11
867,3378,-4255,10
859,2515,-3385,11
933,8787,-9730,10
520,6861,-7391,10
136,1680,-1826,10
266,4688,-4964,10
229,2147,-2386,10
934,1661,-2605,10
511,4089,-4611,11
675,6659,-7344,10
891,7726,-8628,11
465,7557,-8033,11
956,7061,-8028,11
408,5661,-6080,11
333,5463,-5807,11
604,6202,-6817,11
553,4432,-4996,11
184,9321,-9516,11
2,8006,-8019,11
312,6084,-6407,11
869,6190,-7070,11
512,4932,-5454,10
549,1904,-2464,11
803,9832,-10645,10
378,8981,-9369,10
777,9434,-10222,11
36,6315,-6361,10
697,4287,-4995,11
496,1730,-2237,11
575,6538,-7123,10
310,3804,-4125,11
206,8459,-8675,10
54,9642,-9707,11
573,7732,-8315,10
402,8737,-9150,11
311,1496,-1818,11
995,2295,-3300,10
190,2930,-3130,10
207,9459,-9677,11
630,9268,-9908,10
45,7410,-7466,11
985,1631,-2626,10
775,3709,-4495,11
604,6509,-7124,11
386,5522,-5919,11
341,2287,-2639,11
707,8329,-9047,11
873,9655,-10538,10
82,8412,-8505,11
145,8075,-8231,11
129,5645,-5784,10
582,3842,-4435,11
549,8624,-9183,10
58,6544,-6612,10
778,1928,-2716,10
842,9517,-10369,10
111,2097,-2219,11
839,5822,-6671,10
234,1764,-2008,10
357,6652,-7019,10
615,8440,-9065,10
999,1674,-2684,11
185,5012,-5207,10
98,6470,-6578,10
911,2241,-3163,11
737,8454,-9201,10
761,1424,-2196,11
137,8760,-8907,10
570,3351,-3932,11
188,6244,-6443,11
411,3809,-4231,11
299,3637,-3946,10
534,3893,-4437,10
376,3781,-4167,10
232,3924,-4167,11
518,4933,-5462,11
544,3218,-3772,10
279,8154,-8444,11
773,6260,-7044,11
670,9166,-9846,10
407,8409,-8826,10
881,7392,-8283,10
519,6745,-7275,11
99,9081,-9191,11
497,4981,-5489,11
418,8763,-9191,10
746,9055,-9812,11
430,6070,-6510,10
974,1745,-2730,11
18,3059,-3088,11
37,5405,-5452,10
514,5455,-5980,11
950,4739,-5700,11
270,1868,-2148,10
978,9598,-10586,10
664,6185,-6859,10
520,9118,-9648,10
288,8531,-8829,10
243,4731,-4984,10
978,7848,-8837,11
289,6940,-7239,10
199,2916,-3126,11
857,2609,-3477,11
491,3115,-3616,10
471,8965,-9446,10
249,6326,-6586,11
842,5237,-6090,11
90,4483,-4584,11
141,9202,-9353,10
940,1315,-2266,11
132,6252,-6395,11
314,6646,-6970,10
720,2497,-3227,10
66,5270,-5347,11
258,8187,-8455,10
509,1606,-2125,10
363,9426,-9799,10
863,4524,-5397,10
92,6843,-6945,10
297,2107,-2414,10
505,8262,-8777,10
507,7911,-8429,11
112,4061,-4184,11
275,3401,-3686,10
55,3894,-3960,11
450,4761,-5222,11
70,8120,-8201,11
194,2336,-2540,10
437,6317,-6764,10
657,7140,-7807,10
9,8685,-8705,11
781,4582,-5374,11
173,7633,-7816,10
865,3587,-4463,11
742,5875,-6628,11
74,1481,-1565,10
734,7227,-7972,11
450,1864,-2324,10
231,8113,-8354,10
589,2192,-2791,10
316,3538,-3865,11
45,4284,-4340,11
70,6742,-6822,10
992,8795,-9797,10
229,8039,-8278,10
461,2856,-3327,10
187,5027,-5225,11
135,8444,-8589,10
439,1758,-2208,11
508,1901,-2419,10
81,1204,-1296,11
380,2167,-2558,11
839,8689,-9538,10
664,3755,-4430,11
871,2221,-3102,10
24,1443,-1478,11
617,3882,-4510,11
196,1733,-1940,11
861,1472,-2344,11
923,7121,-8055,11
260,8947,-9218,11
94,8413,-8517,10
185,7094,-7289,10
347,7408,-7766,11
556,1491,-2058,11
473,6220,-6704,11
312,9798,-10120,10
501,7384,-7896,11
997,6695,-7702,10
339,5763,-6112,10
714,9833,-10557,10
722,3686,-4419,11
460,8762,-9233,11
713,2894,-3618,11
832,3714,-4556,10
154,9612,-9777,11
506,4219,-4736,11
483,8626,-9120,11
214,4074,-4299,11
21,9517,-9549,11
117,2299,-2426,10
859,1005,-1875,11
880,3714,-4604,10
665,9871,-10546,10
299,2730,-3040,11
374,1877,-2261,10
329,6185,-6525,11
419,5177,-5606,10
113,8384,-8508,11
626,6773,-7409,10
524,9839,-10373,10
900,7391,-8302,11
759,7948,-8717,10
733,9006,-9750,11
517,4868,-5395,10
370,6857,-7238,11
108,6506,-6624,10
466,3159,-3636,11
885,9068,-9964,11
929,8891,-9830,10
555,3173,-3739,11
820,1131,-1961,10
324,8977,-9312,11
110,3810,-3931,11
705,6658,-7374,11
77,8044,-8132,11
69,2177,-2256,10
205,4375,-4591,11
139,5392,-5542,11
940,2089,-3039,10
461,2018,-2489,10
900,7289,-8199,10
56,6961,-7027,10
578,1395,-1983,10
715,3593,-4319,11
347,6399,-6757,11
922,9844,-10776,10
241,8788,-9039,10
980,3478,-4469,11
422,6605,-7037,10
469,4523,-5003,11
764,1769,-2543,10
125,6177,-6312,10
985,6600,-7596,11
828,9557,-10395,10
641,4896,-5547,10
70,3676,-3756,10
531,7939,-8480,10
126,5868,-6005,11
777,2741,-3529,11
449,4541,-5000,10
115,4426,-4552,11
444,8034,-8488,10
595,5345,-5950,10
907,6132,-7050,11
747,4169,-4927,11
485,9024,-9519,10
953,9478,-10442,11
71,3000,-3081,10
30,7593,-7633,10
118,5588,-5717,11
948,1773,-2731,10
400,3374,-3785,11
604,2613,-3227,10
129,6743,-6883,11
718,7171,-7900,11
380,2329,-2720,11
495,5957,-6462,10
650,1645,-2305,10
645,4280,-4936,11
90,4179,-4279,10
786,7629,-8426,11
106,9745,-9861,10
431,9203,-9644,10
777,8254,-9042,11
943,3078,-4031,10
687,3163,-3861,11
367,5072,-5450,11
746,5866,-6622,10
255,5847,-6113,11
91,5452,-5553,10
948,6833,-7792,11
51,8549,-8611,11
353,7236,-7599,10
71,1507,-1588,10
841,1180,-2032,11
57,4576,-4644,11
86,5596,-5693,11
881,3068,-3959,10
773,1225,-2008,10
21,7465,-7496,10
671,5412,-6093,10
79,5861,-5951,11
664,8914,-9588,10
21,6807,-6839,11
59,5442,-5512,11
876,4731,-5618,11
448,6530,-6989,11
652,4198,-4860,10
126,8223,-8360,11
112,7465,-7588,11
472,5270,-5753,11
448,2471,-2929,10
241,8920,-9171,10
518,9145,-9674,11
676,4193,-4879,10
324,2825,-3159,10
121,6176,-6308,11
728,4268,-5007,11
859,3272,-4142,11
464,1242,-1717,11
822,3882,-4714,10
836,5500,-6347,11
889,4522,-5422,11
15,4671,-4697,11
521,6781,-7312,10
235,8999,-9244,10
583,9114,-9708,11
443,1594,-2048,11
999,3786,-4796,11
15,8005,-8030,10
445,4466,-4921,10
848,6334,-7192,10
751,8816,-9577,10
374,1242,-1627,11
145,8855,-9010,10
692,9421,-10123,10
272,3971,-4253,10
913,9416,-10340,11
660,1465,-2136,11
471,7002,-7484,11
933,2733,-3676,10
639,9819,-10468,10
960,5961,-6932,11
866,8209,-9086,11
576,6606,-7193,11
802,7960,-8773,11
872,4578,-5460,10
708,1929,-2648,11
204,4545,-4760,11
652,7565,-8227,10
12,4496,-4518,10
320,7084,-7415,11
5,8811,-8827,11
614,1848,-2473,11
982,8278,-9270,10
472,6714,-7196,10
40,7994,-8044,10
360,3809,-4179,10
296,2259,-2565,10
707,5334,-6052,11
226,1286,-1523,11
932,6036,-6979,11
538,9983,-10532,11
212,9182,-9405,11
300,6533,-6843,10
636,7390,-8037,11
762,4429,-5202,11
363,1693,-2066,10
837,6068,-6915,10
870,7804,-8685,11
25,6166,-6201,10
957,8794,-9761,10
337,9678,-10026,11
748,1218,-1977,11
451,3833,-4295,11
790,7944,-8745,11
488,5590,-6088,10
991,4474,-5475,10
158,3255,-3423,10
520,3047,-3577,10
254,1830,-2095,11
582,3662,-4255,11
800,2679,-3489,10
126,2242,-2378,10
85,7710,-7806,11
790,3336,-4137,11
155,1958,-2124,11
801,9492,-10303,10
763,1964,-2738,11
204,8643,-8858,11
483,9579,-10073,11
513,2002,-2526,11
509,3280,-3800,11
641,3593,-4244,10
167,7426,-7603,10
648,4948,-5606,10
470,2724,-3205,11
245,5383,-5639,11
978,5275,-6264,11
799,1431,-2241,11
536,3522,-4068,10
185,5701,-5896,10
439,3656,-4106,11
688,3639,-4338,11
272,7927,-8209,10
140,3640,-3791,11
768,1578,-2357,11
416,4187,-4614,11
450,5905,-6365,10
632,2326,-2968,10
412,6360,-6782,10
749,5260,-6019,10
964,4164,-5138,10
897,1812,-2720,11
179,7909,-8098,10
577,7250,-7837,10
360,5312,-5682,10
877,4543,-5430,10
876,7344,-8231,11
286,3768,-4064,10
613,4661,-5285,11
2,7534,-7547,11
755,9014,-9780,11
115,9216,-9341,10
577,8218,-8806,11
457,1185,-1653,11
869,9027,-9906,10
393,6144,-6548,11
571,8313,-8895,11
871,1512,-2393,10
226,7304,-7541,11
869,4614,-5494,11
836,2603,-3450,11
366,8385,-8761,10
326,6315,-6651,10
413,3544,-3967,10
504,3939,-4454,11
609,3799,-4418,10
888,9053,-9951,10
246,3248,-3504,10
93,2951,-3054,10
52,9793,-9855,10
503,4718,-5231,10
791,9025,-9827,11
231,5035,-5277,11
150,1732,-1892,10
655,6240,-6905,10
331,2848,-3190,11
468,9560,-10039,11
268,9249,-9528,11
144,5695,-5850,11
559,4537,-5106,10
832,5089,-5931,10
877,1541,-2428,10
219,9876,-10105,10
333,8883,-9226,10
838,7466,-8314,10
252,2119,-2381,10
862,8099,-8972,11
337,9004,-9352,11
840,8018,-8868,10
982,6694,-7687,11
428,5208,-5647,11
224,8543,-8777,10
13,9071,-9094,10
457,1854,-2321,10
853,2212,-3075,10
242,3227,-3480,11
69,6749,-6829,11
117,8097,-8224,10
538,4855,-5404,11
405,6101,-6516,10
982,8370,-9362,10
410,7231,-7651,10
901,9918,-10829,10
624,4890,-5525,11
77,4445,-4533,11
760,5447,-6217,10
663,7458,-8132,11
446,7750,-8207,11
635,5686,-6331,10
766,1716,-2492,10
949,6024,-6983,10
14,9842,-9866,10
371,1350,-1732,11
695,7070,-7776,11
748,7954,-8712,10
694,6878,-7583,11
157,5787,-5955,11
77,6111,-6198,10
14,4440,-4465,11
117,9054,-9182,11
762,2377,-3149,10
658,5011,-5680,11
875,5837,-6722,10
941,9449,-10400,10
337,2699,-3046,10
19,8883,-8912,10
995,8604,-9609,10
215,8956,-9181,10
80,1621,-1711,10
582,4011,-4603,10
641,7551,-8203,11
455,8225,-8691,11
337,9377,-9725,11
240,1739,-1989,10
209,6486,-6706,11
551,2880,-3442,11
36,1255,-1302,11
746,3185,-3941,10
330,6130,-6470,10
153,8186,-8349,10
627,6845,-7483,11
798,3306,-4114,10
939,7825,-8775,11
271,5739,-6021,11
143,2042,-2196,11
212,2321,-2544,11
456,2070,-2536,10
992,8283,-9286,11
475,9299,-9784,10
503,6995,-7508,10
20,2934,-2965,11
613,6992,-7616,11
832,3856,-4698,10
407,5534,-5951,10
383,3179,-3572,10
898,4769,-5677,10
855,8541,-9406,10
467,3470,-3948,11
422,4619,-5052,11
541,3214,-3765,10
620,5929,-6559,10
108,3196,-3314,10
56,7103,-7170,11
460,3335,-3806,11
752,8243,-9005,10
599,8774,-9383,10
270,3320,-3600,10
294,1130,-1435,11
785,4000,-4795,10
455,3560,-4025,10
429,8758,-9197,10
127,3143,-3280,10
365,1186,-1562,11
723,8116,-8849,10
887,2698,-3596,11
96,1331,-1437,10
684,2935,-3629,10
871,7471,-8352,10
230,2739,-2980,11
706,7829,-8546,11
971,6485,-7466,10
501,7115,-7627,11
121,5071,-5203,11
351,9559,-9921,11
96,2297,-2403,10
703,2949,-3662,10
514,1090,-1615,11
447,1964,-2421,10
459,6046,-6515,10
642,4997,-5650,11
142,4269,-4421,10
697,7420,-8127,10
364,8486,-8861,11
786,1853,-2650,11
45,8673,-8729,11
942,4814,-5766,10
386,9331,-9728,11
436,3003,-3450,11
370,4555,-4935,10
242,6777,-7030,11
976,1559,-2546,11
168,8381,-8559,10
361,6361,-6733,11
120,2860,-2990,10
299,2929,-3238,10
590,7014,-7615,11
671,4232,-4913,10
747,9542,-10300,11
68,3791,-3870,11
59,1654,-1723,10
310,2381,-2701,10
994,3967,-4972,11
926,8964,-9901,11
269,4545,-4825,11
552,6928,-7491,11
24,4984,-5019,11
481,7889,-8380,10
583,7171,-7765,11
473,4071,-4554,10
954,4603,-5568,11
175,5778,-5964,11
783,6555,-7348,10
402,2282,-2694,10
241,3903,-4154,10
122,6263,-6396,11
327,5369,-5707,11
10,5861,-5881,10
780,7532,-8322,10
381,1029,-1421,11
434,4175,-4620,11
117,2396,-2523,10
112,7688,-7811,11
726,7083,-7819,10
144,1367,-1521,10
654,4733,-5397,10
402,5470,-5883,11
133,4676,-4820,11
429,3511,-3950,10
298,9697,-10006,11
821,9998,-10830,11
291,6648,-6949,10
935,1229,-2174,10
31,3478,-3520,11
350,7026,-7386,10
986,9571,-10567,10
810,5867,-6687,10
613,1162,-1786,11
784,3593,-4388,11
729,9080,-9820,11
967,9491,-10469,11
45,6726,-6781,10
209,4440,-4660,11
679,8516,-9205,10
350,5733,-6094,11
612,9067,-9690,11
81,9922,-10013,10
773,9952,-10735,10
402,6727,-7139,10
467,8428,-8905,10
100,1956,-2067,11
683,4155,-4848,10
239,4816,-5066,11
532,8967,-9510,11
936,1185,-2132,11
441,5295,-5746,10
91,6339,-6440,10
667,5677,-6355,11
837,7189,-8037,11
139,2169,-2319,11
796,9098,-9905,11
399,1837,-2246,10
8,6341,-6360,11
639,5929,-6578,10
27,7212,-7249,10
824,1315,-2149,10
251,9583,-9845,11
436,5566,-6013,11
609,6609,-7228,10
791,7695,-8497,11
360,3059,-3429,10
26,1240,-1277,11
827,2840,-3677,10
796,5749,-6555,10
730,9696,-10437,11
396,5764,-6171,11
475,4835,-5321,11
716,8397,-9123,10
908,8241,-9159,10
998,4039,-5048,11
909,6898,-7817,10
1,4889,-4900,10
418,7159,-7588,11
76,6148,-6234,10
599,5290,-5900,11
765,8921,-9697,11
347,7457,-7815,11
535,2164,-2709,10
772,7906,-8688,10
985,1266,-2261,10
27,3667,-3704,10
275,8166,-8451,10
263,8147,-8421,11
279,7171,-7460,10
159,3020,-3190,11
485,6167,-6662,10
756,5116,-5883,11
787,9378,-10176,11
195,1798,-2003,10
409,5895,-6314,10
433,3813,-4256,10
736,3561,-4307,10
104,9407,-9521,10
674,6342,-7026,10
877,2520,-3407,10
8,2442,-2461,11
286,8905,-9202,11
779,5987,-6777,11
228,3955,-4193,10
566,4062,-4638,10
679,1741,-2431,11
531,3849,-4391,11
157,8024,-8191,10
881,4077,-4969,11
975,4085,-5071,11
994,8970,-9975,11
722,6848,-7580,10
749,1572,-2332,11
582,2347,-2939,10
32,6556,-6599,11
632,7571,-8213,10
167,8044,-8222,11
210,4144,-4364,10
293,1505,-1809,11
321,4266,-4597,10
92,9724,-9827,11
781,5377,-6168,10
287,4249,-4547,11
612,6804,-7427,11
161,1674,-1846,11
33,1683,-1727,11
87,7394,-7491,10
299,2721,-3030,10
141,8319,-8471,11
197,9619,-9826,10
552,8874,-9437,11
126,3926,-4062,10
318,9144,-9473,11
827,1282,-2119,10
916,3408,-4335,11
660,1690,-2361,11
448,5980,-6439,11
59,5478,-5547,10
169,2165,-2344,10
973,5314,-6297,10
407,1559,-1977,11
887,5153,-6050,10
661,7146,-7818,11
599,6447,-7056,10
488,8427,-8925,10
852,4677,-5539,10
263,2103,-2377,11
799,1031,-1840,10
489,8533,-9032,10
227,8398,-8635,10
608,7904,-8522,10
506,1747,-2263,10
963,7305,-8278,10
549,1378,-1938,11
672,7255,-7937,10
427,1394,-1832,11
428,5809,-6247,10
792,3598,-4400,10
594,7671,-8275,10
24,7329,-7363,10
486,7353,-7850,11
233,7309,-7552,10
633,2261,-2904,10
90,8015,-8115,10
583,7700,-8293,10
505,3531,-4047,11
832,9551,-10394,11
783,4064,-4857,10
789,5819,-6618,10
953,4324,-5288,11
163,3754,-3927,10
486,8175,-8671,10
613,5573,-6197,11
110,4671,-4792,11
902,6713,-7625,10
608,6910,-7528,10
16,1872,-1899,11
165,3080,-3256,11
519,9102,-9631,10
489,8170,-8669,10
960,1856,-2826,10
99,8881,-8990,10
225,1989,-2224,10
435,3345,-3791,11
634,7796,-8440,10
29,7298,-7337,10
101,5114,-5225,10
629,7761,-8400,10
46,1687,-1743,10
571,5394,-5975,10
639,7815,-8464,10
229,2436,-2675,10
248,9389,-9648,11
459,5248,-5717,10
780,5300,-6090,10
647,6739,-7397,11
438,8022,-8471,11
150,7526,-7687,11
401,1926,-2338,11
828,6912,-7751,11
400,5253,-5663,10
453,6656,-7120,11
52,3451,-3514,11
550,6144,-6704,10
883,7798,-8692,11
54,8785,-8850,11
27,6885,-6922,10
927,5498,-6436,11
940,6068,-7018,10
618,4656,-5285,11
564,1156,-1730,10
139,4838,-4987,10
679,6058,-6748,11
722,2847,-3580,11
779,5824,-6613,10
760,6239,-7010,11
303,4767,-5081,11
897,6544,-7452,11
147,7573,-7730,10
36,6123,-6169,10
84,2182,-2277,11
688,8526,-9225,11
334,8742,-9087,11
829,5822,-6662,11
134,3487,-3632,11
464,1934,-2409,11
149,4893,-5053,11
72,5218,-5300,10
85,7641,-7737,11
836,3836,-4682,10
651,6597,-7258,10
864,6594,-7468,10
558,3117,-3686,11
842,9248,-10100,10
138,9703,-9852,11
961,8234,-9206,11
336,1419,-1765,10
853,2774,-3638,11
304,9970,-10285,11
431,2541,-2982,10
831,7672,-8514,11
191,9362,-9563,10
891,6672,-7574,11
19,4929,-4958,10
614,3160,-3784,10
839,2092,-2941,10
601,8981,-9592,10
454,3596,-4060,10
116,4916,-5042,10
165,8000,-8175,10
924,3492,-4427,11
289,2769,-3069,11
507,1618,-2135,10
367,8655,-9033,11
758,6717,-7485,10
764,6607,-7381,10
735,9052,-9797,10
36,1077,-1124,11
744,7531,-8286,11
683,6805,-7498,10
512,4866,-5388,10
799,7328,-8138,11
734,1195,-1939,10
269,1566,-1846,11
973,9422,-10405,10
966,8311,-9288,11
753,2231,-2995,11
453,4184,-4648,11
382,1614,-2007,11
646,9236,-9893,11
975,5477,-6462,10
833,8684,-9528,11
747,5938,-6695,10
949,3152,-4112,11
556,1734,-2300,10
418,1027,-1456,11
480,8848,-9338,10
860,1982,-2853,11
161,8816,-8987,10
512,3282,-3805,11
27,6949,-6987,11
693,7161,-7864,10
394,2995,-3399,10
456,7525,-7992,11
748,9677,-10436,11
109,4020,-4139,10
689,7822,-8522,11
733,8069,-8812,10
908,7859,-8778,11
871,8088,-8970,11
968,7479,-8458,11
892,4101,-5003,10
441,2646,-3097,10
283,1639,-1932,10
936,7625,-8571,10
604,1857,-2472,11
653,2427,-3091,11
53,7672,-7735,10
164,6410,-6585,11
451,4341,-4803,11
765,6363,-7139,11
501,3331,-3843,11
509,1102,-1622,11
982,8675,-9667,10
606,9629,-10245,10
730,9230,-9970,10
459,4735,-5205,11
530,6786,-7326,10
409,4034,-4454,11
896,8225,-9131,10
825,9528,-10364,11
312,8155,-8478,11
853,5447,-6311,11
148,6379,-6537,10
27,2230,-2267,10
516,6217,-6743,10
601,9368,-9980,11
661,3652,-4323,10
448,6594,-7053,11
234,3231,-3475,10
273,7999,-8283,11
837,9806,-10653,10
170,9723,-9904,11
293,1893,-2197,11
125,6173,-6308,10
180,4482,-4672,10
743,9673,-10427,11
27,3040,-3078,11
406,9372,-9789,11
688,3064,-3763,11
977,2190,-3177,10
293,4480,-4783,10
79,7416,-7505,10
847,6039,-6897,11
565,7328,-7904,11
896,7278,-8185,11
165,8956,-9132,11
193,1861,-2065,11
206,5292,-5508,10
121,7570,-7702,11
877,1919,-2806,10
691,1850,-2552,11
98,8380,-8488,10
32,5959,-6002,11
651,9077,-9738,10
860,9215,-10085,10
230,1179,-1419,10
493,2631,-3135,11
691,2783,-3485,11
141,9253,-9404,10
547,1045,-1603,11
640,7789,-8439,10
59,5210,-5279,10
385,3384,-3779,10
851,5906,-6768,11
923,6986,-7920,11
338,6985,-7333,10
1,2871,-2883,11
210,8393,-8614,11
289,5329,-5629,11
8,7640,-7659,11
552,4722,-5285,11
128,1469,-1608,11
326,1879,-2215,10
717,3646,-4373,10
903,7422,-8336,11
612,4870,-5492,10
258,9941,-10209,10
405,9510,-9925,10
654,2198,-2863,11
405,3198,-3614,11
201,5857,-6069,11
601,9197,-9809,11
928,6405,-7344,11
688,8066,-8765,11
680,8036,-8726,10
743,6332,-7086,11
132,4790,-4932,10
330,1693,-2034,11
146,6673,-6829,10
509,2381,-2900,10
866,1921,-2798,11
506,6926,-7443,11
732,7473,-8215,10
390,1630,-2030,10
155,6332,-6497,10
917,7905,-8833,11
125,5713,-5848,10
635,8976,-9622,11
321,9997,-10328,10
55,7475,-7540,10
862,7375,-8247,10
497,6877,-7384,10
828,3127,-3965,10
690,7470,-8170,10
632,7579,-8221,10
822,9137,-9969,10
84,4471,-4566,11
652,5225,-5888,11
743,7975,-8729,11
9,3910,-3929,10
590,3582,-4182,10
327,6683,-7021,11
212,3601,-3824,11
913,1528,-2452,11
227,7302,-7539,10
428,1924,-2363,11
752,8736,-9499,11
836,5875,-6721,10
490,5211,-5712,11
134,2232,-2376,10
698,4778,-5487,11
41,8991,-9042,10
823,2280,-3113,10
85,2242,-2337,10
556,5210,-5777,11
918,2250,-3178,10
322,9578,-9911,11
115,8942,-9067,10
537,9165,-9713,11
390,4251,-4652,11
281,3620,-3912,11
927,6476,-7413,10
315,9005,-9331,11
644,9602,-10256,10
759,7866,-8635,10
683,2118,-2811,10
334,7055,-7400,11
11,1376,-1397,10
908,1487,-2406,11
234,7070,-7315,11
67,9284,-9361,10
70,9621,-9701,10
785,4568,-5364,11
139,1651,-1800,10
557,6345,-6912,10
172,6978,-7161,11
144,2315,-2469,10
239,1236,-1486,11
828,2902,-3740,10
297,7834,-8141,10
336,3182,-3528,10
397,4123,-4531,11
234,1476,-1721,11
77,5510,-5598,11
846,1583,-2439,10
98,9588,-9696,10
788,4207,-5006,11
164,2917,-3091,10
159,6352,-6521,10
752,9005,-9767,10
106,5114,-5230,10
60,1491,-1562,11
781,4294,-5085,10
384,5049,-5443,10
934,7979,-8923,10
636,3539,-4186,11
74,8254,-8339,11
609,8499,-9118,10
761,7559,-8331,11
789,2217,-3017,11
435,8081,-8526,10
181,8891,-9082,10
643,1900,-2554,11
280,9986,-10277,11
397,6925,-7332,10
430,6308,-6749,11
381,4578,-4970,11
482,7619,-8112,11
446,2276,-2732,10
660,1759,-2430,11
119,9001,-9130,10
702,7346,-8058,10
462,3290,-3762,10
621,9449,-10080,10
618,5617,-6245,10
760,3867,-4638,11
540,3950,-4501,11
275,3143,-3429,11
642,9573,-10226,11
344,7658,-8013,11
702,7403,-8116,11
808,6265,-7084,11
732,2937,-3679,10
399,5842,-6251,10
152,7647,-7810,11
191,3015,-3217,11
50,9982,-10043,11
783,2372,-3166,11
198,8981,-9189,10
289,9331,-9631,11
102,8615,-8728,11
964,6999,-7973,10
233,8756,-9000,11
842,4773,-5625,10
441,4586,-5037,10
229,8582,-8821,10
995,1894,-2900,11
450,1772,-2232,10
191,1329,-1530,10
129,8762,-8901,10
685,2777,-3472,10
877,6846,-7733,10
964,4414,-5389,11
649,9323,-9983,11
98,1485,-1594,11
569,7504,-8084,11
955,4941,-5906,10
770,4637,-5418,11
757,3772,-4540,11
429,1035,-1474,10
926,2196,-3132,10
471,3591,-4072,10
808,5170,-5989,11
904,5020,-5934,10
449,7213,-7673,11
791,9458,-10259,10
929,1787,-2727,11
406,2031,-2447,10
377,3341,-3728,10
500,8580,-9091,11
58,6955,-7023,10
910,5315,-6235,10
593,5678,-6282,11
594,7892,-8497,11
106,3129,-3246,11
380,3269,-3660,11
387,4696,-5094,11
314,2263,-2588,11
736,4078,-4825,11
846,2440,-3297,11
507,2708,-3226,11
442,5969,-6422,11
289,8062,-8361,10
380,5448,-5839,11
78,6380,-6468,10
269,1283,-1563,11
76,4107,-4194,11
81,5547,-5638,10
712,1911,-2633,10
659,7066,-7735,10
740,7345,-8096,11
107,7933,-8050,10
219,2124,-2354,11
35,3624,-3669,10
309,8621,-8940,10
969,9565,-10545,11
299,5383,-5692,10
879,1130,-2020,11
200,7711,-7922,11
991,9329,-10331,11
539,4708,-5257,10
950,5863,-6823,10
112,4212,-4334,10
174,4962,-5146,10
536,8513,-9060,11
899,8270,-9180,11
954,1695,-2659,10
278,3996,-4284,10
743,6376,-7129,10
190,6861,-7061,10
182,8102,-8294,10
508,1485,-2003,10
139,6817,-6967,11
108,6158,-6276,10
781,7813,-8605,11
211,7009,-7230,10
18,9330,-9359,11
76,4143,-4230,11
406,9933,-10350,11
214,5144,-5368,10
249,7509,-7769,11
974,8787,-9771,10
743,1697,-2450,10
951,7611,-8573,11
323,6081,-6414,10
410,6470,-6891,11
960,7198,-8169,11
583,5949,-6542,10
746,5169,-5926,11
298,2879,-3188,11
856,2916,-3783,11
629,5487,-6126,10
286,7930,-8227,11
652,9909,-10571,10
230,4631,-4871,10
739,3669,-4418,10
78,1131,-1220,11
187,6268,-6465,10
987,4804,-5802,11
211,3354,-3576,11
731,5366,-6108,11
68,7362,-7441,11
855,2224,-3090,11
641,4123,-4774,10
165,8705,-8880,10
970,5779,-6760,11
17,7889,-7917,11
387,4155,-4553,11
331,8014,-8355,10
780,7261,-8052,11
901,4068,-4980,11
848,3056,-3915,11
481,9996,-10487,10
40,2601,-2652,11
417,2652,-3080,11
679,8372,-9061,10
172,4519,-4701,10
359,3157,-3527,11
427,8598,-9036,11
514,6137,-6661,10
523,9725,-10258,10
39,6790,-6839,10
895,7085,-7990,10
224,2627,-2862,11
636,9580,-10227,11
977,7554,-8541,10
711,1353,-2075,11
34,8161,-8205,10
863,2774,-3648,11
531,5553,-6094,10
145,3879,-4035,11
503,1506,-2019,10
361,8586,-8958,11
951,6098,-7059,10
546,8046,-8602,10
617,8196,-8824,11
473,9292,-9775,10
225,2972,-3208,11
212,6533,-6756,11
11,1553,-1575,11
521,3058,-3590,11
835,1921,-2767,11
518,9484,-10012,10
843,7473,-8326,10
202,7048,-7261,11
24,8410,-8445,11
563,8432,-9005,10
673,6182,-6865,10
60,9136,-9207,11
962,3849,-4822,11
775,9273,-10059,11
884,3838,-4732,10
734,9621,-10365,10
936,7633,-8580,11
457,7800,-8268,11
572,2907,-3490,11
874,6856,-7741,11
105,8592,-8707,10
682,5013,-5706,11
281,8399,-8691,11
823,6790,-7623,10
265,1869,-2144,10
3,7998,-8012,11
542,7832,-8384,10
331,2231,-2573,11
708,1545,-2263,10
283,7342,-7636,11
766,7644,-8420,10
378,3912,-4300,10
564,9052,-9627,11
395,3549,-3954,10
824,7952,-8786,10
772,6890,-7672,10
337,7058,-7406,11
187,7566,-7764,11
90,6020,-6120,10
891,2344,-3246,11
152,8586,-8748,10
580,1960,-2551,11
